FFR00006.wav,"Despite the fact that I have lived in this country in America for more than forty years now, I am amazed how my ties with my country of origin France, the ties are quite strong and a friend of mine calls this"
FFR00007.wav,"I was born in France, in the south of France. My parents always told me that being a teacher would be the perfect job for a woman who wanted to have a family. And I followed their advice, went to the university, studied English, went to England"
FFR00008.wav,I'm married and I'm five foot eleven.  I don't know what else to say.
FFR00010.wav,"I am Reno and I said that I'm, I'm a student at, at the University of Delaware, graduate student in Computer Science. And in fact I came here with a math background and I'm taking my lessons in computer science. And I would like my department"
FFR00013.wav,My name is Patrick I'm working with the office of International Programs at the University of Delaware I've been in the United States for a little more than two years and I think I be here for another two years
FFR00014.wav,Well the research I'm doing at the University of Delaware concerns the new process of making composite parts with carbon fibers and resin. It's called resin-transfer molding. And I'm concerned with the permeability issue with the preforms that we're using.
FFR00015.wav,"My name is Eric Mayo. I'm living in Mountain View, California. What can I say? I don't know. I don't know what to say. It's"
FFR00016.wav,"What to tell you, that I am here in New York as a graduate student in agri-economics and I will be done some time next Spring, and after that I would like to return back home. That's it"
FFR00017.wav,heard about the recent elections we've had in America the country's becoming much more conservative than it used to be there's a thought that it's no longer necessary to help other people but merely reduce taxes and help oneself as much as possible the appearance that that will give to foreign countries will make America seem even more
FFR00019.wav,"Well I find this little game very funny actually, and I will recommend it to friends because I think they will enjoy it too, so I hope that they will call you soon, and I don't know if you want me to say anything else, well I'm also concerned about my future"
FFR00020.wav,"I am, my name is Olivier Borgenon, French student here in New York and I would like to know, to let you know that I enjoy a lot my life in the US, that I've got a lot, a lot, a lot of fun and that is simply wonderful."
FFR00021.wav,"Hello. My name is Eudanel and I speak English fairly well because I've been in college here but I still speak French better, I believe."
FFR00022.wav,"Well, in English now, I'd like to say that when I lived in France, a small to meat sized town with a lively cultural life was also my favorite place to live. I used to live in"
FFR00025.wav,I am studying about education right now and education for women in particular. It seems that there's a lot of information coming out right now that says that women are not getting the same kind of education and that it's a good concern for me in wanting to be a teacher in the future.
FFR00026.wav,"Well I've been in Miami now for about six years, and I'm finishing up my master degree in computer engineering. And hopefully I'll be finding a job right after"
FFR00027.wav,"Well as I said earlier, I'm twenty years old, twenty-eight years old, sorry. I live in New York City, I speak French and German and English. I hope I do at least, and as I said before in French also, I think it's a very interesting survey you're doing here. I would definitely like to know more and at least to find out how you're going to use it."
FFR00028.wav,"Okay, I don't really like the food here, I like I like just only hamburger because it's difficult for me to get African food there is no African restaurant where I live, and sometimes eating is a problem"
FFR00033.wav,Well I don't know what to say I'm a computer engineer I've been working in the states for three years now and I've been enjoying it.
FFR00034.wav,"I have four children so i'm concerned about education, the standard of education.  Not only that but what my children are learning from the culture here in America."
FFR00035.wav,"Well I was born in France, I lived in England quite a bit, and then I came to United States when my husband decided to come and join his family, they had immigrated there when one of his sisters married a G.I. So here I found myself in a totally different country."
FFR00039.wav,"When I am the consumer, although I am sixty year old I have a child who is hardly two  actually. She's twenty- month old. And I'm very much in love with this child. Her name is Alexandra and unfortunately she is not with me right now because her mother is getting a"
FFR00040.wav,"What concern me, my God, in English.  To see people living better, understanding each other, trying to love one another.  I'm sure that they care for them.  I..."
FFR00041.wav,Well there are so many things that concern me I don't know what very well what I can talk about. I would like to tell a story about what I am doing during the day but I as I get older
FFR00042.wav,"I'm extremely impressed by this survey and interview, I would be very interested in being posted and receiving its results and to find out more about these linguistics approach and the anticipated"
FFR00044.wav,"There is something I am particularly drives about here, is to improve of the teaching of foreign languages.  For instance I was in Poland and in Hungary and I noticed that the level of the students was much higher than here that's why I would like to see students here speak"
FFR00045.wav,"I am not sure I understand because there was no time to talk about myself or to free, to do some free speech, so I'm speaking English now and I'm not sure that this is the right time to do it, but I guess I will wait and see what happens next."
FFR00046.wav,Well I'm concerned about the right to receive an abortion in this country I think its a topic that's very real right now and a woman's right is very much under attack at this point and in view of the recent events at abortion clinics I think that this is
FFR00047.wav,"Okay now let's talk in English. The thing I would like to talk about is our library, that's the place where I spend most of my time, and right now it's pretty noisy because there are some some"
FFR00048.wav,"Well something that I'm concerned about or something about me, well I'm just planning to leave Portland probably at the end of June, and I don't know where I want to go yet, but probably to another"
FFR00049.wav,"I'm now a teaching assistant at Lewis and Clark College and I really love this job. I didn't know before leaving France whether I was going to like it or not, and whether teaching was going to be something I would want to do later on for all my life, and actually it is. I have a lot of fun"
FFR00050.wav,"Well to begin with, I have been in the United States for a long time, as you know. However, I am ashamed I have kept a ghastly French accent. I like to have fun. I guess a bit is not a bit. Well"
FFR00051.wav,"Well what I like very much right now, I am very much concerned by my American pronunciation, I don't find it's very good, and I'm working very much to improve it. Well so it takes time, I have to watch people moving their lips."
FFR00053.wav,I can not speak very well in English because I I have no teacher for that. I can read the newspaper. I can't under
FFR00060.wav,"I feel very grateful to to have wonderful children, they all have succeeded very well beyond expectation. I have a son who is a doctor, another one who teaches history, the daughter who is an account"
FFR00062.wav,Well I will tell you the very same thing I just did. I'm a software engineer and I came from France some twenty-one years ago. Lived in Detroit for a short time and then moved to southern California. I currently  live in the mountains in the town of Idle wild. At some sixty three hundred
FFR00063.wav,"I just did in French. All my friends are American, so I better speak English, but I did learn it on the spot. And that was kind of hard, and I felt like I was in jail at the beginning, but it was a big, big, vast jail with open space."
FFR00068.wav,What does that mean that confirms me
FFR00072.wav,Well in English I think I speak it fluently but there's some words with which I have a lot of trouble with the pronunciation some words do not come out the way they should otherwise
FFR00073.wav,"As I say, I like very much that country, especially Portland. It's a nice country. And people around are nice people also. They enjoy talking with us. And because, you can understand my English is not very good, and"
FFR00074.wav,Well if I suddenly have to speak english I hope I remember how. All I can say is that for three weeks I was very sick because I got the flu and I was coughing and coughing and coughing but I was very lucky because I didn't get any fever
FFR00076.wav,"Hi, as you can tell I'm French. You can tell, though, tell it to my accent. I'm the French assistant at Reed College this year, and I'm very happy I was given the opportunity to spend the whole year here in Portland, Oregon. That was, that's gonna be an invaluable exper"
FFR00078.wav,"My name is Guinelle, I'm French, I live in Portland, as I said in French before, and I come from France. I lived in Japan, and now I am a translator in Portland Oregon. I work at home. Oh, and here's my pager, I'm sorry. And"
FFR00080.wav,I'm considerably worried about the present makeup of the Congress and the way they are excluding the poor from getting sufficient support. If they have some moral faults
FFR00081.wav,"I'm concerned with world affairs and justice issues and working in mediation and conflict resolution, and I'm interested in using languages to that goal, and I I enjoy working with people of difference cultures, and"
FFR00082.wav,"My daughter's car was stolen, and that was really terrible, so we had to go and buy her another car.  Fortunately we had insurance, and the insurance paid part of it, but of course did not give us enough money to buy a new car.  I have another daughter who is studying biology..."
FFR00083.wav,"Well as you can see, in spite of the fact that I have been here for a long time, I am still having a fairly strong French accent and I will die with it. It has not changed for years and it will remain like this I think until, until I die. In fact I think it"
FFR00084.wav,"I've been at Caltech now for three and a half years, I like it very much because I have very good student and very friendly, and I have the freedom to teach any class I want to in literature. I usually change the topic every year because we have very few students interested in really advanced literature classes."
FFR00086.wav,"I wouldn't know how to say anything that concerns me but I just want to say that maybe I'm not getting married in three months, that's what concerns me right now and preoccupies me but that's about it."
FFR00087.wav,I guess what I could say is I'm glad I was in the United States but if I had my way or my wish I would be back in France this is where my first home was and where my heart still is
FFR00089.wav,"Well, I'm very concerned about today's pollution, and, especially in Asia, and I'm just concerned that the world is, is degrading, and is not strong enough to find"
FFR00091.wav,"I arrived in Portland two years ago.  Participated in the exchange program with the University of Poitier, I actually completed my MBA last year and now I'm working in Portland.  I intend to stay here until ninety-six."
FFR00093.wav,I've been studying at Florida State for about two months and I really like it here. It's been really interesting to learn about different culture and to learn about the language and to study like any other American students and
FFR00094.wav,"Something that really concerns me is the education system in the United States because it seems to me that the illiteracy rate is much too high, and that teachers and educators must get back to the basics and teach children"
FFR00096.wav,I am a French teacher and I teach French all day I teach five different levels and two AP classes I have taught French for twenty-five years and this has given me a lot of pleasure I like to introduce my language talk about my culture talk about
FFR00097.wav,"My name is Hatine Valentine. I am twenty years old. I'm going to Claremont McKenna College and I'm a History French major. I teach French. I tutor French classes as conversation. And, and I love taking French classes just for enjoyment to keep my French up. That's about it. Otherwise"
FFR00098.wav,"Well, there are all the things that I like to do. And I like jazz and I play drums myself. I play blues also, so I like music as a whole. I like boxing. I box myself too, and I went to New York City to work out two weeks ago."
FFR00101.wav,"I have three papers to write for the university I'm getting a Ph.D from, and I'm hoping to get them done on time before I leave for France."
FFR00104.wav,"One thing that concerns me right now is the lowering of standards in schools and universities in the United States.  I see that they are lowering requirements for graduating because people aren't doing it in four years, they are doing it more in five and six years and I think that lowering the standards..."
FFR00109.wav,There's no such thing as a right or wrong answer to the questions of new technologies today what concerns me is well what's important to me is how people put in form their ideas the new media we're using today will allow us to
FFR00110.wav,"Allright, i'll just tell you what I was telling you in French but that will be the end of the story.  I like to do communications very much, I have actually written several  articles and also a couple of books on it, so that's definitely what I like. and I am working in that field but I am going to change works in a few months from now to try to get."
FFR00111.wav,Well something that is very important for me is my accent when I meet people in the street they always say I have this charming French accent and this is really a problem for me because I really try very hard not to have this accent but that's what people notice.
FFR00113.wav,"Well I am very concern about my students, my who lesson less prepared for their studies in French, for example. And I'm concerned about the fact that French is not doing very well in the United States right now. People don't seem to be too into"
FFR00114.wav,"Hello my name is Monique Mochinya. I'm coming from Africa, Zaire and also from Sudan. I'm twenty-six years old and I'm living in this country for, I've been here for one year and two months. I really like the USA. I would like to stay all my life here."
FFR00115.wav,"Well, I'm an Assistant Professor at the University of Nebraska at Omaha. I teach French Literature and I'm the specialist of nineteenth century, and I specialize on the French women with Michelle, and I'm interested in literature and"
FFR00116.wav,"Well, my name is Sedgewick. I'm a French teacher in the Clermont colleges and I'm spending a lot of time with my students. I don't have anything to do so I'm playing computer or I'm watching TV most of the time because I finish my homework probably"
FFR00117.wav,Well speaking of English I speak it I think I speak it quite good but yesterday by error I recorded my voice and I realized that I had a terrible thick English accent which I should not have in spending so many years here but that's
FFR00118.wav,Hello it was quite interesting to answer this question I have been here in the United States probably thirty years but I do go back to France every year and I've been working here as late as a librarian reference librarian which means I try to help people when they have questions.
FFR00121.wav,Something about me well I happen to be a radio correspondent for a French radio based here in New York I'm covering the entire United States for a big radio network in Paris and I've been doing that for six years and its really
FFR00122.wav,I'm really concerned about my studies as a matter of fact. I wonder if I will be able to finish on time as I planned and then I wonder if I will be able to find a job easily. The job market is not that appealing right now.
FFR00124.wav,"I'm French, I live in from Portland in Oregon, and I don't know know what to say"
FFR00126.wav,I'm very sensitive to static and last month in the same week I pretty much fried up both my CD player and my computer keyboard by just touching them as I touched them there was a big discharge of static and both appliances
FFR00127.wav,"Okay, I can say something in English too. Well, I'm happy to be useful in this experience, and I hope that my pronunciation is not too bad, because I'm told that I have very strong accent. I'm very sorry."
FFR00129.wav,"Well, I can't see why I would press one because I do speak English, and talking about me as knowing that I come from a city where both English and French are spoken, I did learn English."
FFR00132.wav,"I have difficulty for speaking English when I arrived in America, but it's more easy now."
FFR00133.wav,I'm a French teacher at the French American School and I like to play basketball. And I like to play other sports like soccer and tennis.
FFR00134.wav,"I could say I'm concerned by the way some French people judge the Americans.  Before I came here I heard a lot  against Americans  now that I've been here twenty years meeting them, I know there are..."
FFR00137.wav,Hello I'm talking here I have to talk in English now this is a test it doesn't matter what alright nothing concerns me i'm cool everything's cool
FFR00138.wav,I'm not sure what the purpose of this survey is but if there is any way of obtaining copies of the results it would be nice to see them you can always reach me at my number four one five.
FFR00139.wav,"Well you already know my name and you know some other information well on what on who I am. Right now I'm teaching teaching high school full-time, I teach German and I also work in software company"
FFR00143.wav,Well I still worry about the wine business to see how the harvest is going to be this year. But I think the important wines are not doing as well as they used to. However the California wines are moving extremely well. I would rather have a French wine rather than American wine.
FFR00144.wav,"I live in Berkeley, I like to very much living in Berkeley, I like this city. I am married with an American, and I met him at baseball game, that was fun. My"
FFR00145.wav,"As I was saying, I'm a teacher.  I'm a community college teacher, I teach French.  And I live in San Jose, I am at the moment single and I have two..."
FFR00146.wav,Yes I would just like to say that I'm working as a carpenter for a company and I just wondering why my wife is looking at me that way. She has something in her eyes that she doesn't understand quite what's going on here but she's petting the dog anyway and she's
FFR00148.wav,Something that concerns me and actually that's probably related to a little bit of what you're doing is I'm also in a graduate program and I am in the process of doing a survey. The topic is actually quite different than yours. It's management styles and actually I like your approach. I like
FFR00149.wav,I have been bilingual for many many years. I'm married to an American. We have a son. He's also bilingual. I work in English and French most of the time doing translation and teaching. I like to be in the United States. Every so often I used to like to go back home in France
FFR00150.wav,then my wife and my daughter came to join to join me like a week after I arrived they flew down here with Air Canada and we went to get them at the San Francisco airport I was
FFR00151.wav,"Well I was born in France, but my father is American, so I grew up speaking both languages at home. I do have an accent in English, I know, because my mom has always spoken to me in French, both myself and my brother."
FFR00152.wav,"Hello, so concerning myself, I started a new French association in San Francisco in the Bay Area. The purpose of this association is to welcome the French-speaking people, and we are going to advertise for you in our next newsletter, so"
FFR00153.wav,"Something that concerns me in English would be I'm very interested in Political Science and especially the war in Bosnia, so I've written a lot of different position papers for NATO and for the UN, and last over this past Christmas break, I went to NATO to present a paper and"
FFR00154.wav,"Well I don't exactly what you  mean by concerns? Well, you mean the concerns to me personally? Or I'm a woman as I said seventy- years old? And I live in a lovely part of California where the weather is lovely and we have a gorgeous garden. My husband loves to garden and we enjoy"
FFR00155.wav,"I am a scientist, I am a microbiologist, I love my work, I work from Monday to Friday from nine to five, I like to run, I like to read also and I am a very outgoing person."
FFR00156.wav,Well tomorrow I'm going to run a race of seven and a half miles and it's a race of eight eighty thousand people and it's called Beta Breakers and it's in San Francisco and it's just going to be great because
FFR00157.wav,Well when I was in France I studies English and I taught English in high school for a couple of years then I came to this country and taught French in elementary schools for also a couple of years before I decided to go on with my studies in library science
FFR00158.wav,I don't know anything that concerns me and I don't know what to say.
FFR00161.wav,"Hi my name is Ben Christoff and I'm almost twenty-four and I live in San Francisco, I've been living in San Francisco for more than four months, and I don't exactly know what you really want me to say but I can say that in English and maybe my accent is not so correct, but I can say some words and I"
FFR00162.wav,"Well, I'm studying International Relations at San Francisco State University and I really enjoy it and I will hopefully graduate by the end of next year and I am twenty-three years old so I am almost done with my studies."
FFR00164.wav,I love to live in the United States.  The people are so kind  and nice and patient.  That's all.
FFR00166.wav,"Well, I am Chair, and I speak foreign languages and I like what I am doing and I teach French to local American students at the university and privately. I also teach Italian and I speak Spanish, which"
FFR00168.wav,"I have been in this country for twenty six years and I am a teacher. I am teaching French, Spanish and E S L. I have been teaching also in jails and I love"
FFR00170.wav,"I am a ceramist, and right now I am making a table, a mosaic table with small little pieces of tile that I have kept and painted with glazes. And after putting all these little pieces on the table"
FFR00171.wav,"Well, my English is so bad that I have decided to go back to France so I can speak my own language and nobody will make fun of my accent.  Otherwise I enjoy speaking another language, its been fun, it's been challenging, and well I hope this time is over because I don't want to speak English any..."
FFR00172.wav,All right. I'm going to talk about my granddaughter. I have only one. Four grandsons but one granddaughter and she's precious. She was born on the fourth of July so she's a firecracker girl and she is the dream granddaughter. Serious
FFR00173.wav,I learned English in London and when I came to the United State I had a mixture of French and English accent so people couldn't tell where I was from it was kind of funny when I would speak English with my mistake and people would laugh
FFR00175.wav,Well I'm here for an internship actually in Louisville. I'm majoring in transport and logistics and I haven't chosen Louisville yet. I've just been assigned here and I'm working for Expediters International which are freight forwarders and custom brokers and I'm enjoying my
FFR00176.wav,"I am a grandmother now and I enjoy having those two little grandchildren come over to me during the weekend. They have a tiring of course but I enjoy their company and they enjoy mine, I think. I can still play with them a lot and they are one and three and this is"
FFR00177.wav,"My name is Katherine Brown , I live in Atlanta and it's a very nice city.  I have two children.  I'm very interested in speaking Frech with the computers, I hope I will be chosen by you.  I would like to know more about your company, I like to..."
FFR00178.wav,"My main concern is to be an artist and to continue to be an artist, in spite of all the obstacles, and I hope that I can do that forever, until I am too old."
FFR00179.wav,Well when I first came to the United States in nineteen eighty two I just came here to study and to improve my English. I was going to stay about eight months and then go back home. Well it didn't go quite as I had planned I met my husband and before my stay
FFR00180.wav,"Well, since I've been in this country for over twenty years, and I do speak four foreign languages, my accent is kind of mixed up and no one really knows whether it's French or Spanish or German or Israeli or whatever because I have a mixture of everything. So I usually by the end of the day"
FFR00181.wav,"So, well I wanted to to finish my story about how I got into going to France in in May basically. It was a spur of the moment thing. I decided to surprise my father for his birthday. His birthday was on the fifth of May, and"
FFR00182.wav,"I speak English, yes of course.  I've lived here for ten years.  And I am currently working in Manhattan at the French Institute, where I teach French, as a matter of fact.  I love that because as I said before having been in the theater teaching, for me is an expression of..."
FFR00184.wav,"This is Daniele Crowder and I am very intrigued by the study you are conducting and I would certainly like to know more about it. Until I do, if ever I do, something about myself is my happiness"
FFR00185.wav,What concerned me right now I'm looking for a job something interesting like something learning a new skills maybe I can use my native language eventually learn another language Spanish I'd like to
FFR00188.wav,"One of the biggest questions about language is that I have right now is that I have a child who is twenty two months and his father also speaks French and I, American and we are trying to both, speak both languages and right now in all researches that we read, it say that the mother when she's in the foreign country she should only speak her own language and"
FFR00190.wav,"Well right now I live in Daly City and we have been here for about two years and I really like this house because there are some trees and we have a view of San Francisco and it's pretty quiet and it's also well, it's also our house"
FFR00195.wav,"Hello yes. I'm calling you from my office in Oakland. I am surrounded by books, faxes, computers and I have a small girl of nine months old. Her name is Aline. My wife is a C P A and I am a"
FFR00199.wav,"Well I'm finishing my story, I really enjoyed working in the US and I think it was a very very good experience to be a sales representative, but I love speaking French and I am now more in contact with French groups than I few years ago, I think it is important to keep my native language as well as"
FFR00201.wav,"Well as I was saying, I just graduated actually from UC Berkeley from a B A in Mathematics. It's amazing. I can't believe I did it. It took me five years raising my two children by myself but I did it. And it's very stimulating. A lot of, I met a lot of"
FFR00203.wav,"My name is Anthony Gushay, I'm twenty years old, I'm living in Charlotte, North Carolina, and I'm calling from my office right now. It's twelve o'clock in the afternoon on Tuesday, July twenty-fifth and I hope I can win some stuff on that line, and if I don't then I'll"
FFR00205.wav,"I was born in Nameous, where I have start on Masters, before moving to Granoval, and I've been studying through Communication and Electronics in Engineering school, and that's it for twenty seconds."
FFR00208.wav,Something about me I really don't know what to say you guys are asking for a lot.
FFR00209.wav,"Hi my name is Christoph, I live in Philadelphia, and I work for B D P international which is a freight forwarding company. I've been there for a year and a half now and I'm pretty soon going to quit that job to go back to France."
FFR00215.wav,"Well what should I say? I, English is almost becoming my favorite language. It's becoming harder and harder to speak French, because there's nobody to speak French with me. It is quite easy for me to speak English with you on the telephone. A lot of my vocabulary I've acquired since I've been here is hard for me to think of"
FFR00217.wav,I have recently gotten interested in psychoanalysis and I intend to start a private practice quite soon. I'm I consider myself a rather
FFR00219.wav,"The war in Bosnia. I am very concerned about what we're going to do if we're gonna do anything, should we do anything. I am sure that this is something that is making our European nations very, very nervous because it, it's so close to them. And for us, it's so remote it's not"
FFR00221.wav,"Well, my name is Anne Sanchez and I'm totally in love with San Francisco, but I don't know if I'm going to spend my life there, but the fact is that it's a great city, and I really like it, but I do miss France and"
FFR00223.wav,Yes. Here it's Genevieve. Very few people can say my name in English and I'm very sorry about it. And I'm sorry for my English because it's not perfect but I still have to talk about it and most of the time I try to speak French. I love French people
FFR00225.wav,"I was a teacher during thirty years and I am a specialist of the bilingual education for young children. I taught in Plattsburgh, in Paris, at the State University in New York at Plattsburgh. I set up a French class for young Americans. I'm sure when you are young, four, five years old"
FFR00226.wav,"Well my name is Frances Bogen, and I'm a English teacher at Northgate high school in Walnut Creek.  I'm also credentialed in French and last year I taught French at Diablo middle school, in Clayton.  Teaching is one of my favorite things, and that's why I'm very excited to be able to teach..."
FFR00227.wav,"Fortunately I do speak English quite well, I was lucky to go to the University of California and was able to speak English there. I also grew up with several languages when I was small, and that gave me an opportunity"
FFR00228.wav,"Okay, what I'm going to say is that I am very happy to do what I'm doing now because I can speak French a little bit and I'm going now to finish my homework because I'm a student at D V C which is Diablo Valley College and I'm going next semester at Berkeley to finish my diploma."
FFR00230.wav,"I have been learning English since I was, since I was in the highschool so since I was eleven years old. So now it's, it has been twenty six years since I speak English. I"
FFR00231.wav,"Well I like to have is maybe a response to this interview. I would like to have it in, by a phone call from the institute or maybe to have a letter of, telling me that you did receive my"
FFR00232.wav,I'm glad to be living in the United States it's the way of life is much easier than it is in France it's cheaper too and the people in general are friendly the pace the pace of life is slower than it is in Europe
FFR00233.wav,I missed one of the questions.  It was my hometown.  I was born in Showanagen and spent my childhood there in Showanagen in the province of Quebec and the country is  Canada.  I have...
FFR00234.wav,"My name is Michelle and I live in Edmont with my husband. He's American. I'm trying to teach him French and he's learning a little. Little by little. He really enjoys to go to Europe, especially in the south of France and Niel of course because"
FFR00235.wav,"I'm going to graduate in nine months as a teacher in French, and I'm really excited because my family's coming over here and discover the place where I live and all the fun I have and everything around here, and especially because we're going to travel around"
FFR00236.wav,"Well I am researcher, I live I work in the University of Washington, Washington State University which is located in Pullman. I do research in biochemistry on DNA repair, really enjoy my work, I also"
FFR00237.wav,I hope that you have understood everything I said I have been here such a long long time that almost English is really my first language that's all I can think of saying I hope she understand me.
FFR00238.wav,"Well, I have one daughter, and I have two sons, and I have some grandchildren, and I am a very happy person. I like my dogs also, I have dogs and cats and they are very nice companions to me. I like my home, my hobby is gardening"
FFR00241.wav,The teacher of the children is a concern with all crime and drugs and everything else that's going
FFR00242.wav,I live in Scottsdale Arizona.
FFR00244.wav,"Alright, now it's time to speak English. So I was talking about juice and I think you already gathered that. I also teach French, and I practice shiatsu. I give a shiatsu treatment. I belong to an organization that's called Woman"
FFR00246.wav,"I don't really know what to say. I was going to say that I'm teaching French, but right now I'm not working. I'm raising my child, who is very important to me, and I'm going to a certification program, and hopefully by the end of the program I'll be able to be teaching again, which is something"
FFR00247.wav,"Je suis enfam, bag rag detai.  Je suis en pour bod je melan attacion.  I am a woman a little bit heavy, I like swimming and I'm not very tall."
FFR00248.wav,"I am in the United States for about forty-eight years, and I enjoy every year because the people are nice and"
FFR00249.wav,"Well I'm sort of short of ideas, what would you like me to say.  I live in a cultural desert here, and there's nothing to do, and nothing to say, except that..."
FFR00251.wav,The one thing that does concern me in my life very much is my fourteen year-old daughter who is presently unavailable and a runaway and she's been quite quite often on my mind and unfortunately it hasn't been the greatest of
FFR00254.wav,"I'm am living in Texas right now, I used to live in South San Francisco, Palo Alto and I really miss it there.  I wanted to go back but I need to find a job so if you hear about any jobs I will be able to use my French I will go.  Right now I'm working for an international company..."
FFR00255.wav,"Hello. I am a young, French woman who's lived in California for three years now. I really enjoy California, especially for the very sunny weather. About myself, I would like to say that I am kind of"
FFR00256.wav,"I am French and I have been here for about ten eleven years now. Even though I am really been immersed here for long time, I still miss France because it is my native country and sometimes I wish I were still in France."
FFR00257.wav,"My concern, I think it's being stressed at work. I work at a blood bank, I have somewhat of a pretty good, very challenging work, I have heavy responsibilities lots of equipment to maintain make sure the testing is done well so I really am concerned about sometimes my work and my stress but overall."
FFR00258.wav,"What concern me? I live in a suburb of a city and I enjoy my property. I love to do gardening, and I'm very friendly with people. I'm a volunteer, I do lots help, especially with the elderly who needs quite a bit of help."
FFR00260.wav,"I've been very happy in the past year or so because my children have grown, and I've been doing things that I like. and I get together with my friends a lot. And I'm also very happy because I can get to see my family once a year. I call my family at least once, twice a month."
FFR00261.wav,"I am concerned with my fellow students because they seem to drink a lot. They seem to use drinking as the only way to have a good time. And I find that very bizarre. For example today was exam all day, and so almost all two hundred of my close students are"
FFR00262.wav,"I'm concerned about the lumps that I have on my temple, and I was actually considering having an operation. Even though I know it is not cancerous, it's still something that bothers me because"
FFR00263.wav,I am speaking mostly French because I am a French teacher from France.  And I am speaking French only with the parents of this school and when I go shopping.  I studied French at the Elysee and came here with those knowledges.  I didn't take any classes.
FFR00265.wav,Well thank you very much for giving me a chance to do this survey and I hope you have success with that study and that you enjoy all the answers you get and I wish everything is fine
FFR00267.wav,"I speak perfect English because I learned it in France, when I was went to school as a girl, seven years old, we had days of English lessons, and they tell me that I speak the language without an accent, but still, I think I have a little French accent, I'll never lose it entirely."
FFR00270.wav,"One of the things that concerns me most is our political scene, and also the lack of respect of the young generation to the older generation. I see children being rather rude to their parents or their grandparents or to adults that they do not know."
FFR00272.wav,"I've been living in the Unites States for the last forty-five or forty-six years, and I've been very pleased to be in the United States after living in Europe and coming into this country in nineteen fifty one. It will be certainly a great advantage to be bi-lingual, and that's why"
FFR00273.wav,"What concerns me the most lately is the violent reaction of everybody in the world, from young people to adults. We do not know anymore how to deal with our feelings, and the only answer we find in ourselves is a violent answer."
FFR00274.wav,I've been living any where for about five years now and I do like Oregon very much I think it's a beautiful countryside and I don't know I need to visit more of Oregon or more of U.S. maybe
FFR00275.wav,"I am still troubling with the English language is not natural for me to speak in English, so I do it but I am not that good at it and my accent is terrible and I know it, so I have to"
FFR00276.wav,Well I happen to be teaching in the inner city environment here in Milwaukee. The problem with students nowadays is obviously  a large lack of motivation which cannot be
FFR00277.wav,"I came to the U.S. in nineteen sixty three, after my marriage. It was a complicated situation. We had to get married in France first so that I could get my visa. But then when we came to the U.S. we had already planned to have an American wedding here, so we had to get married again. It was quite a"
FFR00278.wav,"After this trip I'm going to do to Utah I'm going to go to Mexico for eleven days, to  Cabo San Lucas.  Hopefully there won't be any hurricane around so i can have some peaceful vacation, and  I'm really looking forward to go to the beach and do nothing."
FFR00280.wav,I'm concerned with the environment because it seems like it is being biodegraded by every single day we are hoping to reconstruct this particular problem that we are facing in the world because we don't seem to be spending enough money
FFR00282.wav,"When I was asked earlier what my hobbies are and  I love dancing.  I've been dancing since I'm five years old, I think, and I still go every weekend. And  I'm also part of the African dance  group over here, dance and music..."
FFR00284.wav,"Now, I have a chance to speak in English.  I try very hard to keep up my French. And I also speak Spanish fluently. I go to Canada, and when I go there I watch television in French. And I can't believe that one minute went so fast. It was incredible."
FFR00285.wav,I'm a graduate student just beginning my Phd in forest resource I call you because I was glad to speak in French and now it's turn out that I have to speak in English that's not a good idea I think I have enough with speaking it all day
FFR00286.wav,"Hi, my name is Connie and I am twenty-five years old. And I came to Comeri's to begin my Master's Degree in Resource Economics. And so far, I am, I'm mentoring myself and I meet nice people. And I'm living at"
FFR00288.wav,"Well, I'm home because there was an accident in the plane on my way back from Paris, and I'm now on disability for about two weeks I believe. On February the sixteenth I should go back to my work. I work for Sony Music, I make some CDs."
FFR00289.wav,"I'm concerned with the state of the nation, and with the environment of the world in its present declining state. Well, both the nation and the environment, nation meaning the United States of America. And I would"
FFR00297.wav,"Well, I was explaining to you that I am a yoga teacher,  and that I love doing that, it's a passion of mine."
FFR00298.wav,I wish I could remember more of my French. I forgot about it. But for the like of you and I don't know too many people to speak  French around here and I really miss it. I'm trying to learn Spanish
FFR00300.wav,"I am a sacrilegious, I live in France, my wife is living in San Francisco, and I work in France.  I have not a green card in for the USA, and I cannot work here, but I work..."
FFR00305.wav,"Something that concerns me in English. Global warming, I don't know. I'm not terribly concerned these days, but I suppose you're just listening to my phonology, so I'll just talk about books and computers and the internet, which is where I found"
FFR00352.wav,"Alright, I'm not entirely certain what the concern means, but I guess I'll give you my birth date, oh-nine two-nine seventy-eight, in case you're looking for a confirmation sort of thing. Otherwise, I'm not sure what was intended."
FFR00353.wav,"My main concern at the moment is the fact that I'm going to be put on part time and I have son in college and it would be nice to be able to find another part time job so I could continue to pay for his tuition.  On the other hand, maybe I could find a full time job and I can give up this part time job."
FFR00355.wav,"I speak English fluently, I took ten years in school and I used to belong to the Alliance Francaise of Pasadena.  I wonka new demi nation new men song tirey, you see so I could.  A je de fresh ought tread in power palette two long tons."
FFR00356.wav,"At the present time I'm concerned about what I'm going to be doing after I graduate. I'm not sure if I will be working or, If I'm going to go to school, I might want to go into medicine, and I'm just not sure what I'm going to be doing later."
FFR00357.wav,"Well, right now I'm a little concerned by what's happening in Quebec because it seems like the vote was happening just today and it seems like a lot of people want to have a country on their own. I lived there for awhile and I know how much they care about it and I'm really wondering what's going to happen to"
FFR00358.wav,Well on Friday I have a test and I really don't feel like it at all. I have to study and right now I just don't have any desire to do so. Plus it's kind of tricky because I don't know what we're supposed to know its one of those things where the teacher is ahead of himself
FFR00360.wav,Okay well since this year at Purdue I've been rowing so training for crew and I like it a lot we row on the Walrush river and we see beautiful sunsets at night and that's made my life much more bearable so what else should I say yeah
FFR00361.wav,"I'm six-two, a hundred and ninety pounds, brown hair, brown eyes, Caucasian, twenty-nine years old."
FFR00368.wav,"Well, this is Joyce Carlson and I'm very amazed to be talking to you and I hope that what I've said has made some sense.  Is there anything else you'd like to know, I'm going to  see you tomorrow at work, I hope and shall I say..."
FFR00369.wav,"I have a lot of work to do tonight, I have some papers to correct and some grades to add up, because I'm a teacher, and it's getting dark outside, we're on daylight savings time, which is something that I don't particularly care for, but I..."
FFR00373.wav,"I'm twenty-two, I live in Gannison, Colorado, I'm going to school. I have a boyfriend who is from L.A., we've been going out for about three years, he's going to make me chicken Caesar salad tonight and I can't wait."
FFR00386.wav,"This is my first visit back to Portland, Oregon since I have been living in Europe, and it's very strange, because in one way it's change a lot, and in another way it's so familiar that it doesn't seem, doesn't seem that strange. So, but it's been nice to spend this week and a half with my family, and we've done a lot."
FFR00391.wav,"This was easier and I'm not very good at French but, I think I understand it better than I speak it obviously.  I like music, like I told you, I like exercising, computers, and"
FFR00396.wav,"I lived in France for two and a half months and now I'm living in America. I go to the University of Vermont, where I study geography and history. I am going back to France for two years, and then I will be back in America to get my"
FFR00400.wav,"Yes, my name is Sabri Strob. I like meeting and traveling because it's a very, I like very much to share, to share differences with other people. And it opens your mind a lot. It's very difficult to talk about me because I"
FFR00403.wav,"The most important thing for me is Education and making sure that every child and every adult who has not had an opportunity to study gets a decent education and a good start in life. I am a teacher myself. I teach English as a foreign language, so this is a very important aspect for me."
FFR00406.wav,"What is really bothering me at the moment is, as I mentioned before, is the amount of rent that I owe.  I'm afraid that perhaps I'm going to be put out.  After thirty-four years in the United States, it seems that I haven't accomplished very much.  But then, I didn't come here to accomplish very much I just followed..."
FFR00412.wav,"Hi. My name is Joel Dormant and I am living in Highland Heights, Kentucky. I am a French translator and coordinator and occasionally I can give French lesson. If not, I am very interested in computers and that's why I am"
FFR00451.wav,"Hi, my name is Marissa"
FFR00452.wav,"Well, I'm a teacher at Westminster, I teach French there. I started last January, and I'm having a lot of fun. It's my first teaching experience, and I'm hoping for more work in this area. It will end in April, unfortunately, and I'm trying to find"
FFR00455.wav,"Hi, my name is April Griffith, and I am a Canadian that lives in Texas. I learned French in Houston, Texas, and I studied abroad in France, teaching English at the Graduate School of Business in Grenoble. I now give French business lessons in the Austin area. I thank you for the time to survey my voice for the"
FFR00460.wav,"Right now I'm really tired just waiting for the weekend, the day to be over and the weekend to come so I could relax. However it's not going to be as sunny as it was during the rest of the past week so I don't know. Maybe I'll just sit in my room and listen to music, something like that. That's all I have to say right now."
FFR00463.wav,"Aids project, currently working on aids at Merck research laboratories in Bluebell Pennsylvania."
FFR00476.wav,I was born in nineteen sixty.
FFR00478.wav,"My name is Meghetti Meahone I was born in Rio.  I'm working at Cape, on workers University Campus.  I've been here for two months, almost two months, I'm working on..."
FFR00480.wav,"Hi, I don't know what I'm supposed to be saying. I guess what all I'd like to say is that I have no idea what I'm doing here. I called a friend of mine asked. I hope I'm not totally screwing it up. I guess it's a good thing you're doing, this study of language, and I hope you will be able to help people. I don't know what else to say."
FFR00484.wav,"I'm going to say the same thing I said in French before.  I have two passions, one is classical music, I play the Cello, and I belong to  several groups, adult, an cello groups and I love baroque music, I do that most every week."
FFR00485.wav,"I like my job very much but I would like to know if I could get a better job, I can get an advancement or a better salary.   I also like my job because I like the people I am working with."
FFR00486.wav,"What concerns me is lots of the pollution in the cities, everyone has a car, and there's not a bus."
FFR00487.wav,"Well my, as I told you before, my name is Lionel, and I've left Washington last year, and it's now..."
FFR00488.wav,"Well my English is quite bad, but I can try to speak it. So if I continue the description of my job, I also receive student groups and I try to explain them situation of France and especially the French foreign police"
FFR00518.wav,Something about myself in English would be that I miss living in France. I have a wonderful life here in the United States and I love to travel to France as often as possible to keep my
FFR00520.wav,"Hi, my name is Jen Dollanger, and I have been in Portland for two years. I work at Rogers U, and I saw this ad in the newspaper about you looking for people."
FFR00533.wav,My name is Matthew I'm a French student I'm writing in writing in Coretta I'm doing an internship at the company Costa Rustic I live in Boulder I'm twenty-three years old
FFR00536.wav,Two days ago I had an interview in New York with a company would've interested me a lot for internship this summer it was a comp no it was a consulting company consignment consulting company it was so exciting to go to this interview it was
FFR00538.wav,I really love the United States I really love New England because it's such a beautiful area with such a lot of historical places to visit and I think it's a very different place from the rest of U.S. what else I mean even if the climate is very hot.
FFR00539.wav,My name is Sylvianne and I'm here in Boulder for about ten months.  I 'm doing an internship in at N Carl atmospheric chemistry and I like it very very much because the people I know are very nice and my work is interesting too.
FFR00540.wav,Hi I am Borior.  I am working in museum now and I hope to be in France Very soon.  Thank  you.  I don't know what I can say more and....
FFR00541.wav,"I work as a second language consultant with the department of public instruction in Raleigh North Carolina, and my job entails working with the one hundred and nineteen school districts within our state. With a second language of course, the responsibilities involve basically the foreign languages, not English."
FFR00542.wav,"Well now I'm supposed to speak English and supposed to speak about myself so I will say that I have been a teacher, a language teacher pretty much all my active life. I'm going to retire a year from now and I'm rather looking forward to retirement because much as I enjoy teaching and I enjoy the students, I have"
FFR00543.wav,"I'm worried about the retirement plan that I'm gonna get here, so this is my main problem that I'm trying to solve. I would like to actually go back to France and start a new pension plan over there"
FFR00545.wav,"I've been working here for nearly five months now, in Colorado and I quite enjoy it actually. And talking say, medium or long term now. Hopefully, I hope that I'll be back one day. I want to go back to France and"
FFR00546.wav,"Well at this point in my life, I am just finishing my masters' in French, and I guess I'm considering new options. Will I go onto a Ph.D or am I likely to just stop right here and maybe get a certification of teaching in my state and start teaching high school. At this point I'm just debating, talking with my teachers and even my husband, trying to seek some advice."
FFR00552.wav,"Hello, my name is Fred, and I live in Seattle now. I moved here about four or five months ago. I'm a student at the University of Washington. I enjoy Seattle, although the weather is not that great. But I enjoy being able to ski in the winter, and now there's more sun so I"
FFR00553.wav,"I would like to work for the United Nations, and help a lot of people solve the problems in the world.  That's my dream."
FFR00556.wav,I just wanted to say that I went to an Indian reservation a few days ago. It's part of a project with my class and that was kind of nice. I saw the reservation which I guess I couldn't have seen without my class and
FFR00559.wav,"Okay so I am Antony Bernall and I work for N C C, a big computer company and it's a private company and in same time it's part of the University of Illinois, and I am doing computer science there"
FFR00560.wav,I was three days in Washington no in Chicago and I spent three days there it was very nice wonderful city and now I'm back for studying again for two months until the beginning of June and then
FFR00565.wav,"Oh, my name is Benwar Russo. I am working in the Dorman's lab in UC Davis in California. I've been working on, on sensory evaluation of food for the next two years and a half now and I am gonna still gonna do that for the next, I think three years. I already"
FFR00566.wav,Well let's see I am a vegetarian forty-five years old live in Los Angeles I love to sail I love to travel and I love languages and I don't know what else to say I read a lot I use my computer quite a bit that's how I got the message from C S S
FFR00567.wav,"Here, what I love is the ocean. I mean in city, the ocean is very close and I can go every summer to swim, surfing, and everything. It's fun.  But the only thing I don't like is there's too many tourist. And they drive very slow and very dangerously. But please don't make fun of my accent, okay? That would be very nice."
FFR00570.wav,"I'm a professor at Florida State University where I teach French. I've been here for twenty-three years, and I'm getting sick and tired of teaching French to students who don't seem to care much about it. I'm looking forward now to my retirement, which I hope to be able to take in three to four years from now, and"
FFR00579.wav,"Well, I came to Colorado, and I would really like it if a lot more people would speak more languages and I would like to be able to help in teaching people languages and helping them out if they already know them. For example, with grammar with, with a culture"
FFR00587.wav,"Well, what can I say. I'm born in New York. I have lived in France half of my life and I'm back now in New York where I was born a few years ago and that's about all I can say and that's about it. I don't know what much you want me to say but it's hard"
FFR00588.wav,"Oh, what I would like to say in English? I don't know. I share my room in college with another person and sometimes it's not that easy to share a room with someone else. I used to live with my parents so far and then college life"
FFR00593.wav,"My favorite show on TV is Beavis and Butthead.  It's really cool, I mean it's like heh heh heh heh.  I really like it and I like Beavis, and it's like ""I am the great Cornholio, give me T P for my bunghole"""
FFR00594.wav,"I'm a student and I am working for a masters degree. I am a guy about five nine tall, I don't know what else I should say about myself."
FFR00598.wav,"If you're talking about what I believe you're talking about being concerned about, let me see. I can talk about the strike that's going on in my school right now because the workers aren't receiving enough benefits and they're also exploiting homework, homeless workers so this is of concern to me. I'm also concerned about finishing my semester and my classes and trying to get through with decent grades."
FFR00599.wav,"HI there this is Amir Labredi.  I'm not sure what this is about.  A friend of mine called me and told me to call this number and speak in French.  So I called, it's pretty funny.  I have no idea what I just did.  But anyway, I did it.  So there."
FFR00601.wav,"Hi, my name is Olive. You can say Oliver. My roommate is laughing at me. And what can I say? I arrived in Atlanta like seven months ago, and I will leave in June."
FFR00608.wav,I am French citizen I have been in the United States since nineteen seventy-one.  Most of the time I am speaking English.  However I still maintain speaking French with my relatives.  My father is here in the states and we are speaking French at least once...
FFR00612.wav,I have been at the USA think since August ninety-five first London English after I was tested it after August ninety ninety-sixth I will start masters masters degree in general management
FFR00613.wav,I have been here since August in nineteen ninety five and I will be here until August ninety eight. I'm here for learning English first and getting a master degree in general management. My whole program will be three years
FFR00614.wav,I'm not sure what to say about myself I've been here for two years and I've been studying Sensory Evaluation in the Food Science and Technology Department at UC Davis I am currently in the masters program and I'm intending to get into
FFR00615.wav,"Okay, what can I say in English? All right, right now I'm at work working, and I'm not doing anything right now because there's nothing to do. In fifteen minutes I'm going to have my dinner."
FFR00617.wav,five nine eight five nine three three
FFR00620.wav,"What concerns me is the way that people talk about, the way that French people are not so nice. It's not true. I've been to France quite a few times. French people are wonderful, especially if you smile. They'll smile back. It's the same thing in any big city. If you go to New York, if you go to Los Angeles you're going to find someone"
FFR00621.wav,Yeah I'm speaking mostly English at work because my most of my friends are from an international research project with people from every country. But the official language for the project is English so we have to speak English. And I've been to England. I've been to the US and I think I'm losing
FFR00625.wav,"I am working in Portland State University as a graduate teaching assistant and I like it very much and I think I'm going to stay for another year because I, I met somebody here who is very nice."
FFR00627.wav,nine five five four zero seven nine
FFR00632.wav,I am a grad student and I'm right now in a MBA program and I will graduate in June this year and I'm very happy
FFR00651.wav,"I just moved here from Washington DC, where I had been for a year and a half and I was working at the International Monetary Fund as a Bilingual French Secretary. I came to"
FFR00654.wav,"I would like to a speak English rating because I think it's better to speak French.  It's bitter ya, when nothing to do, nothing to say, and when they caring, you ignoring them, okay."
FFR00663.wav,"Well my name is Jerome Torvay. I'm French and I'm studying at Georgia Tech in Canada. What could I say? Maybe that I'll have to comeback to France within a few months, in June actually. I will be graduating and"
FFR00666.wav,"Yes. You asked me earlier what I said when I pick up the phone. Actually, I don't say Bonjour, I say Hello, this is Jocelyn, or This is Jocelyn, may I help you? Hello? Anyway, I wanted to make this correction."
FFR00668.wav,I'm quite happy to be here first of all in spite of a work injury that I've been victimized with about a month ago I'm a specialist in fiber optics here besides doing a lot of television P S A
FFR00669.wav,"Okay. I'm supposed to speak in English now. We don't know what I'm going to tell you. I'm not really, really great at English. I guess that's why I don't know what to tell you. I'm in a hurry to go to swimming pool and I guess, I hope Bernie, I love to swim, yeah you want me to speak about myself. I love to swim. I love to go in the swimming pool and Bernie is sitting ignoring me."
FFR00674.wav,"Well, I've committed myself stupidly to make a lecture on Marcel Proust's summary, and fortunately I've got, remembered some things fast, and some things three-thousand pages, plus his biography, a thousand"
FFR00676.wav,"Probably the thing that concerns me is the amount of waste that goes on here in the US, there's so much taken for granted and so a lot of food is wasted, a lot of materials are wasted, and"
FFR00685.wav,"I just told you everything that concerned me in French, and I can't think of anything else, except that I love living in New York, though I live most of my live in California and Hollywood and I love both. Every Christmas I go home to visit my family and I stay for a month."
FFR00687.wav,"Oh, I like to go out. I like to wear beautiful clothes, and I'm considered to be very stylish. And I'm always recognized as not only being French though my accent, but being French by the way that I dress. And, so I like that very much. I'm sorry, I keep switching."
FFR00693.wav,"One of the things that concerns me is the case of abortion, whether or not it should be made legal. I believe that it should be legal, that women should have the choice to receive abortion if they feel that they need one."
FFR00694.wav,Hi I'm from French budov from I came from Paris seven months ago and I'm working here to do some chemistry and it's very nice here I spent all the winter around and it was snowing all
FFR00696.wav,"What concerns me about the United States right now is the problems we are having with the with the adolescents and violence and the way things are going. Something needs to be changed, there need to be better role models within the family, and I think that the French have that."
FFR00698.wav,"Well Its pretty much rainy, lately and unfortunately our roof is leaking, so the kitchen is pretty wet.  Hopefully the sun will come back  soon so we won't have to deal with that problem as well."
FFR00702.wav,"Okay I'm a retired nurse for the past thirty years.  I'm still looking for a new kind of job something that.  I still love my job but I would like to change to find something completely different that will give me  a living,   even if it's not....."
FFR00705.wav,"It is that I do not know what to do after, after my kids are going to graduate from school because I, I don't have the, the a lot of money to give them education but I'm looking forward to work hard"
FFR00717.wav,"Hi, my name is Geraldine Poisson-Newcombe, I've been an instructor of French at the University of Oregon in the Department of Romance Languages since nineteen ninety. I am married to an American man since the same time, and I have been living in Eugene since nineteen ninety. Also, I have lived in"
FFR00722.wav,I am a physician from Vietnam as a political refugee in nineteen seventy-five. In nineteen seventy-eight I got the position of Clinical Professor of Biology at the School of Medicine of at the University of Southern California as a position I am still
FFR00726.wav,"Something that concerns me very much in English is the amount of pollution in our environment. And I'm working very hard now with a company that is trying to educate people to make them more aware of the problems we're experiencing. So if you're interested, my number is three-one-zero, four-five-eight, one-two-two-two and I'll be very"
FFR00736.wav,"I don't understand the question, so I'll just talk. My name is Mary Ayad, it's spelled A Y A D, and my address is ten zero zero four Fourteenth Street, it's apartment number fourteen, Boulder, Colorado, eight zero three zero two. My number is three zero three, four one three, one eight three eight."
FFR00742.wav,"This afternoon I took my two daughters outside and we played with the neighbors while I talked with a neighbor while my daughters played with their little friend, and it's always nice when the moms can get together like that when the children play together, the weather was nice, so we"
FFR00744.wav,"Hello, my name is Joe. I'm twenty one years old. I live"
FFR00745.wav,"Well I think what concerns me most is whether I will ever be able to place my wonderful project of words and images, a portrait of languages, in which I now have eighty-three languages, both written and spoken words and photographs of the speakers"
FFR00747.wav,"I am French, but I'm a student of English. I've been studying English for eleven years now, and I've come here to improve my spoken English. And I hope I've done a good job, so it's up to you to think I did so or not."
FFR00749.wav,"So I'm sitting here in my office looking at the screen, and hope that my French was reasonably good enough that the transcribers like you aren't too embarrassed to transcribe it, and I really did have a great time at twos"
FFR00757.wav,I have been the United States since nineteen sixty-four I have four children three boys and a girl she is twenty years old and she is going to a very good University here in town where she's majoring in political science and international business. She'll be
FFR00765.wav,Well I'm actually doing an undergraduate degree in general studies in English with Paris University. I live here because my husband is a university student at Oregon University where he is doing a Ph.D. I'm studying on my own and I'm recently
FFR00771.wav,"Hi, I'm an Amer, a French student study in America, I'm a student of the..."
FFR00772.wav,"Hello my name is Caroline Fluvich, I am twenty five years old and I am a librarian at the University of Illinois library."
FFR00775.wav,"I just know very little.  I do not have lots of concern about myself, or maybe I would like to have better hands, because I had have surgery, and I would like to be able to"
FFR00776.wav,"Well what concerns me is the taxes. They gonna raise the taxes or the children's future. That also concerns me. Yes, the children's future."
FFR00777.wav,I'm not sure I understand the an the question but what concerns me is the separation between state and church right now and the influence that religious groups have on the education this country and what kind of education my children gonna have if we keep on living here also i'm concerned with the different conflicts around the world that
FFR00781.wav,"Okay. My name is Mark. I usually speak English. I'm much more fluent in English. My family is from France. My background is from France. I like France a lot. I usually go there every summer. I'm been taking France, French. I went to the Lise Francais for a long time since Kindergarten"
FFR00782.wav,"This has been a very interesting project and I would like to learn more about it. I'm wondering how you're going to use these, these recordings. Is this going to be for voice recognition software, or how will this be used? If it would be possible to get information about the project I'd be very interested. Thank you very much."
FFR00802.wav,"Okay just one thing. I didn't get the last beep for the ten second delay at the end. So anyway well I'm just talking about whatever and I guess it's interesting because we found you guys on the net, through a link. So it was real interesting. I really am into languages and would like to eat more from your"
